[{"model": "contenttypes.contenttype", "pk": 1, "fields": {"app_label": "admin", "model": "logentry"}}, {"model": "contenttypes.contenttype", "pk": 2, "fields": {"app_label": "auth", "model": "permission"}}, {"model": "contenttypes.contenttype", "pk": 3, "fields": {"app_label": "auth", "model": "group"}}, {"model": "contenttypes.contenttype", "pk": 4, "fields": {"app_label": "auth", "model": "user"}}, {"model": "contenttypes.contenttype", "pk": 5, "fields": {"app_label": "contenttypes", "model": "contenttype"}}, {"model": "contenttypes.contenttype", "pk": 6, "fields": {"app_label": "sessions", "model": "session"}}, {"model": "contenttypes.contenttype", "pk": 7, "fields": {"app_label": "blog", "model": "blog"}}, {"model": "contenttypes.contenttype", "pk": 8, "fields": {"app_label": "blog", "model": "blogtype"}}, {"model": "contenttypes.contenttype", "pk": 9, "fields": {"app_label": "read_statistics", "model": "readnum"}}, {"model": "contenttypes.contenttype", "pk": 10, "fields": {"app_label": "read_statistics", "model": "readdetail"}}, {"model": "contenttypes.contenttype", "pk": 11, "fields": {"app_label": "comment", "model": "comment"}}, {"model": "sessions.session", "pk": "cplungdqi6ipecrna5i01qznhctav1z4", "fields": {"session_data": "NDc4NGRkMDEwYjkzMDlhZjFhYmE3NjVlNmViNDU3NTVjODExYjkxOTp7Il9hdXRoX3VzZXJfaWQiOiIxIiwiX2F1dGhfdXNlcl9iYWNrZW5kIjoiZGphbmdvLmNvbnRyaWIuYXV0aC5iYWNrZW5kcy5Nb2RlbEJhY2tlbmQiLCJfYXV0aF91c2VyX2hhc2giOiI0ZTQ0YzI1YmRmZWFlMTRiYTFmMmVlYWE5MGU0Y2JiNmU3ZjMwOTkyIn0=", "expire_date": "2018-04-22T13:40:12.396Z"}}, {"model": "sessions.session", "pk": "fmm66y4m9j6rmymmxixbkrqk4ow9517m", "fields": {"session_data": "YjRkNzU5NWRkZmNjN2Y3ZDA4OGM5MjEwYzRkYzlmMjZjMWNhMmI1Yjp7fQ==", "expire_date": "2018-04-18T06:00:59.279Z"}}, {"model": "sessions.session", "pk": "fwtum2p84whez3jwt1lo9n55fuq5yu22", "fields": {"session_data": "YjRkNzU5NWRkZmNjN2Y3ZDA4OGM5MjEwYzRkYzlmMjZjMWNhMmI1Yjp7fQ==", "expire_date": "2018-04-21T12:25:26.645Z"}}, {"model": "sessions.session", "pk": "nk7x57j5a2pgw5avpl5ihwm0cup8iedd", "fields": {"session_data": "YjRkNzU5NWRkZmNjN2Y3ZDA4OGM5MjEwYzRkYzlmMjZjMWNhMmI1Yjp7fQ==", "expire_date": "2018-04-18T06:01:37.423Z"}}, {"model": "sessions.session", "pk": "o4l4n2ikni91q40wn1elqz8iidhnapwn", "fields": {"session_data": "YjRkNzU5NWRkZmNjN2Y3ZDA4OGM5MjEwYzRkYzlmMjZjMWNhMmI1Yjp7fQ==", "expire_date": "2018-04-21T12:25:17.774Z"}}, {"model": "blog.blogtype", "pk": 1, "fields": {"type_name": "\u968f\u7b14"}}, {"model": "blog.blogtype", "pk": 2, "fields": {"type_name": "tornado"}}, {"model": "read_statistics.readnum", "pk": 1, "fields": {"read_num": 0, "content_type": 7, "object_id": 4}}, {"model": "read_statistics.readnum", "pk": 2, "fields": {"read_num": 2, "content_type": 7, "object_id": 5}}, {"model": "read_statistics.readnum", "pk": 3, "fields": {"read_num": 65, "content_type": 7, "object_id": 34}}, {"model": "read_statistics.readnum", "pk": 4, "fields": {"read_num": 15, "content_type": 7, "object_id": 33}}, {"model": "read_statistics.readnum", "pk": 5, "fields": {"read_num": 5, "content_type": 7, "object_id": 32}}, {"model": "read_statistics.readnum", "pk": 6, "fields": {"read_num": 2, "content_type": 7, "object_id": 36}}, {"model": "read_statistics.readnum", "pk": 7, "fields": {"read_num": 2, "content_type": 7, "object_id": 35}}, {"model": "read_statistics.readnum", "pk": 8, "fields": {"read_num": 55, "content_type": 7, "object_id": 6}}, {"model": "read_statistics.readdetail", "pk": 1, "fields": {"read_num": 0, "date": "2018-04-02", "content_type": 7, "object_id": 5}}, {"model": "read_statistics.readdetail", "pk": 2, "fields": {"read_num": 3, "date": "2018-04-02", "content_type": 7, "object_id": 33}}, {"model": "read_statistics.readdetail", "pk": 3, "fields": {"read_num": 1, "date": "2018-03-31", "content_type": 7, "object_id": 33}}, {"model": "read_statistics.readdetail", "pk": 4, "fields": {"read_num": 3, "date": "2018-03-30", "content_type": 7, "object_id": 33}}, {"model": "read_statistics.readdetail", "pk": 5, "fields": {"read_num": 2, "date": "2018-03-28", "content_type": 7, "object_id": 5}}, {"model": "read_statistics.readdetail", "pk": 6, "fields": {"read_num": 8, "date": "2018-03-29", "content_type": 7, "object_id": 28}}, {"model": "read_statistics.readdetail", "pk": 7, "fields": {"read_num": 2, "date": "2018-04-03", "content_type": 7, "object_id": 5}}, {"model": "read_statistics.readdetail", "pk": 8, "fields": {"read_num": 1, "date": "2018-04-03", "content_type": 7, "object_id": 33}}, {"model": "read_statistics.readdetail", "pk": 9, "fields": {"read_num": 1, "date": "2018-04-03", "content_type": 7, "object_id": 6}}, {"model": "read_statistics.readdetail", "pk": 10, "fields": {"read_num": 14, "date": "2018-04-04", "content_type": 7, "object_id": 34}}, {"model": "read_statistics.readdetail", "pk": 11, "fields": {"read_num": 2, "date": "2018-04-04", "content_type": 7, "object_id": 6}}, {"model": "read_statistics.readdetail", "pk": 12, "fields": {"read_num": 1, "date": "2018-04-05", "content_type": 7, "object_id": 32}}, {"model": "read_statistics.readdetail", "pk": 13, "fields": {"read_num": 11, "date": "2018-04-05", "content_type": 7, "object_id": 34}}, {"model": "read_statistics.readdetail", "pk": 14, "fields": {"read_num": 2, "date": "2018-04-05", "content_type": 7, "object_id": 33}}, {"model": "read_statistics.readdetail", "pk": 15, "fields": {"read_num": 41, "date": "2018-04-05", "content_type": 7, "object_id": 6}}, {"model": "read_statistics.readdetail", "pk": 16, "fields": {"read_num": 7, "date": "2018-04-06", "content_type": 7, "object_id": 6}}, {"model": "read_statistics.readdetail", "pk": 17, "fields": {"read_num": 4, "date": "2018-04-07", "content_type": 7, "object_id": 6}}, {"model": "read_statistics.readdetail", "pk": 18, "fields": {"read_num": 32, "date": "2018-04-07", "content_type": 7, "object_id": 34}}, {"model": "read_statistics.readdetail", "pk": 19, "fields": {"read_num": 6, "date": "2018-04-07", "content_type": 7, "object_id": 33}}, {"model": "read_statistics.readdetail", "pk": 20, "fields": {"read_num": 1, "date": "2018-04-07", "content_type": 7, "object_id": 32}}, {"model": "auth.permission", "pk": 1, "fields": {"name": "Can add log entry", "content_type": 1, "codename": "add_logentry"}}, {"model": "auth.permission", "pk": 2, "fields": {"name": "Can change log entry", "content_type": 1, "codename": "change_logentry"}}, {"model": "auth.permission", "pk": 3, "fields": {"name": "Can delete log entry", "content_type": 1, "codename": "delete_logentry"}}, {"model": "auth.permission", "pk": 4, "fields": {"name": "Can add permission", "content_type": 2, "codename": "add_permission"}}, {"model": "auth.permission", "pk": 5, "fields": {"name": "Can change permission", "content_type": 2, "codename": "change_permission"}}, {"model": "auth.permission", "pk": 6, "fields": {"name": "Can delete permission", "content_type": 2, "codename": "delete_permission"}}, {"model": "auth.permission", "pk": 7, "fields": {"name": "Can add group", "content_type": 3, "codename": "add_group"}}, {"model": "auth.permission", "pk": 8, "fields": {"name": "Can change group", "content_type": 3, "codename": "change_group"}}, {"model": "auth.permission", "pk": 9, "fields": {"name": "Can delete group", "content_type": 3, "codename": "delete_group"}}, {"model": "auth.permission", "pk": 10, "fields": {"name": "Can add user", "content_type": 4, "codename": "add_user"}}, {"model": "auth.permission", "pk": 11, "fields": {"name": "Can change user", "content_type": 4, "codename": "change_user"}}, {"model": "auth.permission", "pk": 12, "fields": {"name": "Can delete user", "content_type": 4, "codename": "delete_user"}}, {"model": "auth.permission", "pk": 13, "fields": {"name": "Can add content type", "content_type": 5, "codename": "add_contenttype"}}, {"model": "auth.permission", "pk": 14, "fields": {"name": "Can change content type", "content_type": 5, "codename": "change_contenttype"}}, {"model": "auth.permission", "pk": 15, "fields": {"name": "Can delete content type", "content_type": 5, "codename": "delete_contenttype"}}, {"model": "auth.permission", "pk": 16, "fields": {"name": "Can add session", "content_type": 6, "codename": "add_session"}}, {"model": "auth.permission", "pk": 17, "fields": {"name": "Can change session", "content_type": 6, "codename": "change_session"}}, {"model": "auth.permission", "pk": 18, "fields": {"name": "Can delete session", "content_type": 6, "codename": "delete_session"}}, {"model": "auth.permission", "pk": 19, "fields": {"name": "Can add blog", "content_type": 7, "codename": "add_blog"}}, {"model": "auth.permission", "pk": 20, "fields": {"name": "Can change blog", "content_type": 7, "codename": "change_blog"}}, {"model": "auth.permission", "pk": 21, "fields": {"name": "Can delete blog", "content_type": 7, "codename": "delete_blog"}}, {"model": "auth.permission", "pk": 22, "fields": {"name": "Can add blog type", "content_type": 8, "codename": "add_blogtype"}}, {"model": "auth.permission", "pk": 23, "fields": {"name": "Can change blog type", "content_type": 8, "codename": "change_blogtype"}}, {"model": "auth.permission", "pk": 24, "fields": {"name": "Can delete blog type", "content_type": 8, "codename": "delete_blogtype"}}, {"model": "auth.permission", "pk": 25, "fields": {"name": "Can add read num", "content_type": 9, "codename": "add_readnum"}}, {"model": "auth.permission", "pk": 26, "fields": {"name": "Can change read num", "content_type": 9, "codename": "change_readnum"}}, {"model": "auth.permission", "pk": 27, "fields": {"name": "Can delete read num", "content_type": 9, "codename": "delete_readnum"}}, {"model": "auth.permission", "pk": 28, "fields": {"name": "Can add read detail", "content_type": 10, "codename": "add_readdetail"}}, {"model": "auth.permission", "pk": 29, "fields": {"name": "Can change read detail", "content_type": 10, "codename": "change_readdetail"}}, {"model": "auth.permission", "pk": 30, "fields": {"name": "Can delete read detail", "content_type": 10, "codename": "delete_readdetail"}}, {"model": "auth.permission", "pk": 31, "fields": {"name": "Can add comment", "content_type": 11, "codename": "add_comment"}}, {"model": "auth.permission", "pk": 32, "fields": {"name": "Can change comment", "content_type": 11, "codename": "change_comment"}}, {"model": "auth.permission", "pk": 33, "fields": {"name": "Can delete comment", "content_type": 11, "codename": "delete_comment"}}, {"model": "auth.user", "pk": 1, "fields": {"password": "pbkdf2_sha256$100000$sM9nDLc8vNRT$8Df/TuHsDwcc/NenXZYdhjgV3PMsGo3V7d1fPVhffjM=", "last_login": "2018-04-08T13:40:12.393Z", "is_superuser": true, "username": "zyb", "first_name": "", "last_name": "", "email": "877415861@qq.com", "is_staff": true, "is_active": true, "date_joined": "2018-03-24T07:59:40.502Z", "groups": [], "user_permissions": []}}, {"model": "auth.user", "pk": 4, "fields": {"password": "pbkdf2_sha256$100000$lGFgzDdx9uTB$l1jcdI3kf8Mwm7A2FjvoNjFcXSaNROrrOGRfznjsM8M=", "last_login": "2018-04-07T14:09:35.313Z", "is_superuser": false, "username": "zhou111", "first_name": "", "last_name": "", "email": "111@qq.com", "is_staff": false, "is_active": true, "date_joined": "2018-04-07T14:09:35.136Z", "groups": [], "user_permissions": []}}, {"model": "blog.blog", "pk": 3, "fields": {"title": "123123", "content": "12312312\u5965\u672f\u5927\u5e08\u591a12312312\u5965\u672f\u5927\u5e08\u591a12312312\u5965\u672f\u5927\u5e08\u591a12312312\u5965\u672f\u5927\u5e08\u591a12312312\u5965\u672f\u5927\u5e08\u591a12312312\u5965\u672f\u5927\u5e08\u591a12312312\u5965\u672f\u5927\u5e08\u591a12312312\u5965\u672f\u5927\u5e08\u591a12312312\u5965\u672f\u5927\u5e08\u591a12312312\u5965\u672f\u5927\u5e08\u591a12312312\u5965\u672f\u5927\u5e08\u591a12312312\u5965\u672f\u5927\u5e08\u591a12312312\u5965\u672f\u5927\u5e08\u591a12312312\u5965\u672f\u5927\u5e08\u591a12312312\u5965\u672f\u5927\u5e08\u591a12312312\u5965\u672f\u5927\u5e08\u591a12312312\u5965\u672f\u5927\u5e08\u591a12312312\u5965\u672f\u5927\u5e08\u591a12312312\u5965\u672f\u5927\u5e08\u591a12312312\u5965\u672f\u5927\u5e08\u591a12312312\u5965\u672f\u5927\u5e08\u591a12312312\u5965\u672f\u5927\u5e08\u591a12312312\u5965\u672f\u5927\u5e08\u591a12312312\u5965\u672f\u5927\u5e08\u591a12312312\u5965\u672f\u5927\u5e08\u591a12312312\u5965\u672f\u5927\u5e08\u591a12312312\u5965\u672f\u5927\u5e08\u591a12312312\u5965\u672f\u5927\u5e08\u591a12312312\u5965\u672f\u5927\u5e08\u591a12312312\u5965\u672f\u5927\u5e08\u591a12312312\u5965\u672f\u5927\u5e08\u591a12312312\u5965\u672f\u5927\u5e08\u591a12312312\u5965\u672f\u5927\u5e08\u591a12312312\u5965\u672f\u5927\u5e08\u591a12312312\u5965\u672f\u5927\u5e08\u591a12312312\u5965\u672f\u5927\u5e08\u591a12312312\u5965\u672f\u5927\u5e08\u591a12312312\u5965\u672f\u5927\u5e08\u591a12312312\u5965\u672f\u5927\u5e08\u591a12312312\u5965\u672f\u5927\u5e08\u591a12312312\u5965\u672f\u5927\u5e08\u591a12312312\u5965\u672f\u5927\u5e08\u591a12312312\u5965\u672f\u5927\u5e08\u591a12312312\u5965\u672f\u5927\u5e08\u591a12312312\u5965\u672f\u5927\u5e08\u591a12312312\u5965\u672f\u5927\u5e08\u591a12312312\u5965\u672f\u5927\u5e08\u591a12312312\u5965\u672f\u5927\u5e08\u591a12312312\u5965\u672f\u5927\u5e08\u591a12312312\u5965\u672f\u5927\u5e08\u591a12312312\u5965\u672f\u5927\u5e08\u591a12312312\u5965\u672f\u5927\u5e08\u591a12312312\u5965\u672f\u5927\u5e08\u591a12312312\u5965\u672f\u5927\u5e08\u591a12312312\u5965\u672f\u5927\u5e08\u591a12312312\u5965\u672f\u5927\u5e08\u591a12312312\u5965\u672f\u5927\u5e08\u591a12312312\u5965\u672f\u5927\u5e08\u591a12312312\u5965\u672f\u5927\u5e08\u591a12312312\u5965\u672f\u5927\u5e08\u591a12312312\u5965\u672f\u5927\u5e08\u591a12312312\u5965\u672f\u5927\u5e08\u591a12312312\u5965\u672f\u5927\u5e08\u591a12312312\u5965\u672f\u5927\u5e08\u591a12312312\u5965\u672f\u5927\u5e08\u591a12312312\u5965\u672f\u5927\u5e08\u591a12312312\u5965\u672f\u5927\u5e08\u591a12312312\u5965\u672f\u5927\u5e08\u591a12312312\u5965\u672f\u5927\u5e08\u591a12312312\u5965\u672f\u5927\u5e08\u591a12312312\u5965\u672f\u5927\u5e08\u591a12312312\u5965\u672f\u5927\u5e08\u591a12312312\u5965\u672f\u5927\u5e08\u591a12312312\u5965\u672f\u5927\u5e08\u591a12312312\u5965\u672f\u5927\u5e08\u591a12312312\u5965\u672f\u5927\u5e08\u591a12312312\u5965\u672f\u5927\u5e08\u591a12312312\u5965\u672f\u5927\u5e08\u591a12312312\u5965\u672f\u5927\u5e08\u591a12312312\u5965\u672f\u5927\u5e08\u591a12312312\u5965\u672f\u5927\u5e08\u591a12312312\u5965\u672f\u5927\u5e08\u591a12312312\u5965\u672f\u5927\u5e08\u591a12312312\u5965\u672f\u5927\u5e08\u591a12312312\u5965\u672f\u5927\u5e08\u591a12312312\u5965\u672f\u5927\u5e08\u591a12312312\u5965\u672f\u5927\u5e08\u591a12312312\u5965\u672f\u5927\u5e08\u591a12312312\u5965\u672f\u5927\u5e08\u591a12312312\u5965\u672f\u5927\u5e08\u591a12312312\u5965\u672f\u5927\u5e08\u591a12312312\u5965\u672f\u5927\u5e08\u591a12312312\u5965\u672f\u5927\u5e08\u591a12312312\u5965\u672f\u5927\u5e08\u591a12312312\u5965\u672f\u5927\u5e08\u591a12312312\u5965\u672f\u5927\u5e08\u591a12312312\u5965\u672f\u5927\u5e08\u591a12312312\u5965\u672f\u5927\u5e08\u591a12312312\u5965\u672f\u5927\u5e08\u591a12312312\u5965\u672f\u5927\u5e08\u591a12312312\u5965\u672f\u5927\u5e08\u591a12312312\u5965\u672f\u5927\u5e08\u591a12312312\u5965\u672f\u5927\u5e08\u591a12312312\u5965\u672f\u5927\u5e08\u591a12312312\u5965\u672f\u5927\u5e08\u591a12312312\u5965\u672f\u5927\u5e08\u591a12312312\u5965\u672f\u5927\u5e08\u591a12312312\u5965\u672f\u5927\u5e08\u591a12312312\u5965\u672f\u5927\u5e08\u591a12312312\u5965\u672f\u5927\u5e08\u591a12312312\u5965\u672f\u5927\u5e08\u591a12312312\u5965\u672f\u5927\u5e08\u591a12312312\u5965\u672f\u5927\u5e08\u591a12312312\u5965\u672f\u5927\u5e08\u591a12312312\u5965\u672f\u5927\u5e08\u591a12312312\u5965\u672f\u5927\u5e08\u591a12312312\u5965\u672f\u5927\u5e08\u591a12312312\u5965\u672f\u5927\u5e08\u591a12312312\u5965\u672f\u5927\u5e08\u591a12312312\u5965\u672f\u5927\u5e08\u591a12312312\u5965\u672f\u5927\u5e08\u591a12312312\u5965\u672f\u5927\u5e08\u591a12312312\u5965\u672f\u5927\u5e08\u591a12312312\u5965\u672f\u5927\u5e08\u591a12312312\u5965\u672f\u5927\u5e08\u591a12312312\u5965\u672f\u5927\u5e08\u591a12312312\u5965\u672f\u5927\u5e08\u591a12312312\u5965\u672f\u5927\u5e08\u591a12312312\u5965\u672f\u5927\u5e08\u591a12312312\u5965\u672f\u5927\u5e08\u591a12312312\u5965\u672f\u5927\u5e08\u591a12312312\u5965\u672f\u5927\u5e08\u591a12312312\u5965\u672f\u5927\u5e08\u591a12312312\u5965\u672f\u5927\u5e08\u591a12312312\u5965\u672f\u5927\u5e08\u591a12312312\u5965\u672f\u5927\u5e08\u591a12312312\u5965\u672f\u5927\u5e08\u591a12312312\u5965\u672f\u5927\u5e08\u591a12312312\u5965\u672f\u5927\u5e08\u591a12312312\u5965\u672f\u5927\u5e08\u591a12312312\u5965\u672f\u5927\u5e08\u591a12312312\u5965\u672f\u5927\u5e08\u591a12312312\u5965\u672f\u5927\u5e08\u591a12312312\u5965\u672f\u5927\u5e08\u591a12312312\u5965\u672f\u5927\u5e08\u591a12312312\u5965\u672f\u5927\u5e08\u591a12312312\u5965\u672f\u5927\u5e08\u591a12312312\u5965\u672f\u5927\u5e08\u591a12312312\u5965\u672f\u5927\u5e08\u591a12312312\u5965\u672f\u5927\u5e08\u591a12312312\u5965\u672f\u5927\u5e08\u591a12312312\u5965\u672f\u5927\u5e08\u591a12312312\u5965\u672f\u5927\u5e08\u591a12312312\u5965\u672f\u5927\u5e08\u591a12312312\u5965\u672f\u5927\u5e08\u591a12312312\u5965\u672f\u5927\u5e08\u591a12312312\u5965\u672f\u5927\u5e08\u591a12312312\u5965\u672f\u5927\u5e08\u591a12312312\u5965\u672f\u5927\u5e08\u591a12312312\u5965\u672f\u5927\u5e08\u591a12312312\u5965\u672f\u5927\u5e08\u591a12312312\u5965\u672f\u5927\u5e08\u591a12312312\u5965\u672f\u5927\u5e08\u591a12312312\u5965\u672f\u5927\u5e08\u591a12312312\u5965\u672f\u5927\u5e08\u591a12312312\u5965\u672f\u5927\u5e08\u591a12312312\u5965\u672f\u5927\u5e08\u591a12312312\u5965\u672f\u5927\u5e08\u591a12312312\u5965\u672f\u5927\u5e08\u591a12312312\u5965\u672f\u5927\u5e08\u591a12312312\u5965\u672f\u5927\u5e08\u591a12312312\u5965\u672f\u5927\u5e08\u591a12312312\u5965\u672f\u5927\u5e08\u591a12312312\u5965\u672f\u5927\u5e08\u591a12312312\u5965\u672f\u5927\u5e08\u591a12312312\u5965\u672f\u5927\u5e08\u591a12312312\u5965\u672f\u5927\u5e08\u591a12312312\u5965\u672f\u5927\u5e08\u591a12312312\u5965\u672f\u5927\u5e08\u591a12312312\u5965\u672f\u5927\u5e08\u591a12312312\u5965\u672f\u5927\u5e08\u591a12312312\u5965\u672f\u5927\u5e08\u591a12312312\u5965\u672f\u5927\u5e08\u591a12312312\u5965\u672f\u5927\u5e08\u591a12312312\u5965\u672f\u5927\u5e08\u591a12312312\u5965\u672f\u5927\u5e08\u591a12312312\u5965\u672f\u5927\u5e08\u591a", "created_time": "2018-02-24T13:45:26.493Z", "lst_update_time": "2018-03-24T13:06:07.459Z", "author": 1, "blog_type": 1}}, {"model": "blog.blog", "pk": 4, "fields": {"title": "\u5965\u672f\u5927\u5e08\u5927\u6240", "content": "\u5965\u672f\u5927\u5e08\u5927\u6240", "created_time": "2018-03-24T13:45:26.493Z", "lst_update_time": "2018-03-24T13:45:26.493Z", "author": 1, "blog_type": 2}}, {"model": "blog.blog", "pk": 5, "fields": {"title": "\u963f\u65af\u8fbe\u56db\u5927", "content": "\u963f\u65af\u8fbe\u56db\u5927", "created_time": "2018-03-24T13:45:33.339Z", "lst_update_time": "2018-03-24T13:45:33.339Z", "author": 1, "blog_type": 1}}, {"model": "blog.blog", "pk": 6, "fields": {"title": "for 0", "content": "xxxx:0", "created_time": "2018-03-27T13:53:09.626Z", "lst_update_time": "2018-03-27T13:53:09.626Z", "author": 1, "blog_type": 1}}, {"model": "blog.blog", "pk": 7, "fields": {"title": "for 1", "content": "xxxx:1", "created_time": "2018-03-27T13:53:09.631Z", "lst_update_time": "2018-03-27T13:53:09.631Z", "author": 1, "blog_type": 1}}, {"model": "blog.blog", "pk": 8, "fields": {"title": "for 2", "content": "xxxx:2", "created_time": "2018-03-27T13:53:09.634Z", "lst_update_time": "2018-03-27T13:53:09.634Z", "author": 1, "blog_type": 1}}, {"model": "blog.blog", "pk": 9, "fields": {"title": "for 3", "content": "xxxx:3", "created_time": "2018-03-27T13:53:09.729Z", "lst_update_time": "2018-03-27T13:53:09.729Z", "author": 1, "blog_type": 1}}, {"model": "blog.blog", "pk": 10, "fields": {"title": "for 4", "content": "xxxx:4", "created_time": "2018-03-27T13:53:09.732Z", "lst_update_time": "2018-03-27T13:53:09.732Z", "author": 1, "blog_type": 1}}, {"model": "blog.blog", "pk": 11, "fields": {"title": "for 5", "content": "xxxx:5", "created_time": "2018-03-27T13:53:09.735Z", "lst_update_time": "2018-03-27T13:53:09.735Z", "author": 1, "blog_type": 1}}, {"model": "blog.blog", "pk": 12, "fields": {"title": "for 6", "content": "xxxx:6", "created_time": "2018-03-27T13:53:09.737Z", "lst_update_time": "2018-03-27T13:53:09.737Z", "author": 1, "blog_type": 1}}, {"model": "blog.blog", "pk": 13, "fields": {"title": "for 7", "content": "xxxx:7", "created_time": "2018-03-27T13:53:09.996Z", "lst_update_time": "2018-03-27T13:53:09.996Z", "author": 1, "blog_type": 1}}, {"model": "blog.blog", "pk": 14, "fields": {"title": "for 8", "content": "xxxx:8", "created_time": "2018-03-27T13:53:10.000Z", "lst_update_time": "2018-03-27T13:53:10.000Z", "author": 1, "blog_type": 1}}, {"model": "blog.blog", "pk": 15, "fields": {"title": "for 9", "content": "xxxx:9", "created_time": "2018-03-27T13:53:10.003Z", "lst_update_time": "2018-03-27T13:53:10.003Z", "author": 1, "blog_type": 1}}, {"model": "blog.blog", "pk": 16, "fields": {"title": "for 10", "content": "xxxx:10", "created_time": "2018-03-27T13:53:10.006Z", "lst_update_time": "2018-03-27T13:53:10.006Z", "author": 1, "blog_type": 1}}, {"model": "blog.blog", "pk": 17, "fields": {"title": "for 11", "content": "xxxx:11", "created_time": "2018-03-27T13:53:10.008Z", "lst_update_time": "2018-03-27T13:53:10.008Z", "author": 1, "blog_type": 1}}, {"model": "blog.blog", "pk": 18, "fields": {"title": "for 12", "content": "xxxx:12", "created_time": "2018-03-27T13:53:10.011Z", "lst_update_time": "2018-03-27T13:53:10.011Z", "author": 1, "blog_type": 1}}, {"model": "blog.blog", "pk": 19, "fields": {"title": "for 13", "content": "xxxx:13", "created_time": "2018-03-27T13:53:10.014Z", "lst_update_time": "2018-03-27T13:53:10.014Z", "author": 1, "blog_type": 1}}, {"model": "blog.blog", "pk": 20, "fields": {"title": "for 14", "content": "xxxx:14", "created_time": "2018-03-27T13:53:10.019Z", "lst_update_time": "2018-03-27T13:53:10.019Z", "author": 1, "blog_type": 1}}, {"model": "blog.blog", "pk": 21, "fields": {"title": "for 15", "content": "xxxx:15", "created_time": "2018-03-27T13:53:10.022Z", "lst_update_time": "2018-03-27T13:53:10.022Z", "author": 1, "blog_type": 1}}, {"model": "blog.blog", "pk": 22, "fields": {"title": "for 16", "content": "xxxx:16", "created_time": "2018-03-27T13:53:10.025Z", "lst_update_time": "2018-03-27T13:53:10.025Z", "author": 1, "blog_type": 1}}, {"model": "blog.blog", "pk": 23, "fields": {"title": "for 17", "content": "xxxx:17", "created_time": "2018-03-27T13:53:10.027Z", "lst_update_time": "2018-03-27T13:53:10.027Z", "author": 1, "blog_type": 1}}, {"model": "blog.blog", "pk": 24, "fields": {"title": "for 18", "content": "xxxx:18", "created_time": "2018-03-27T13:53:10.030Z", "lst_update_time": "2018-03-27T13:53:10.030Z", "author": 1, "blog_type": 1}}, {"model": "blog.blog", "pk": 25, "fields": {"title": "for 19", "content": "xxxx:19", "created_time": "2018-03-27T13:53:10.033Z", "lst_update_time": "2018-03-27T13:53:10.033Z", "author": 1, "blog_type": 1}}, {"model": "blog.blog", "pk": 26, "fields": {"title": "for 20", "content": "xxxx:20", "created_time": "2018-03-27T13:53:10.036Z", "lst_update_time": "2018-03-27T13:53:10.036Z", "author": 1, "blog_type": 1}}, {"model": "blog.blog", "pk": 27, "fields": {"title": "for 21", "content": "xxxx:21", "created_time": "2018-03-27T13:53:10.040Z", "lst_update_time": "2018-03-27T13:53:10.040Z", "author": 1, "blog_type": 1}}, {"model": "blog.blog", "pk": 28, "fields": {"title": "for 22", "content": "xxxx:22", "created_time": "2018-03-27T13:53:10.045Z", "lst_update_time": "2018-03-27T13:53:10.045Z", "author": 1, "blog_type": 1}}, {"model": "blog.blog", "pk": 29, "fields": {"title": "for 23", "content": "xxxx:23", "created_time": "2018-03-27T13:53:10.048Z", "lst_update_time": "2018-03-27T13:53:10.048Z", "author": 1, "blog_type": 1}}, {"model": "blog.blog", "pk": 30, "fields": {"title": "for 24", "content": "xxxx:24", "created_time": "2018-03-27T13:53:10.051Z", "lst_update_time": "2018-03-27T13:53:10.051Z", "author": 1, "blog_type": 1}}, {"model": "blog.blog", "pk": 31, "fields": {"title": "for 25", "content": "xxxx:25", "created_time": "2018-03-27T13:53:10.054Z", "lst_update_time": "2018-03-27T13:53:10.054Z", "author": 1, "blog_type": 1}}, {"model": "blog.blog", "pk": 32, "fields": {"title": "for 26", "content": "xxxx:26", "created_time": "2018-03-27T13:53:10.056Z", "lst_update_time": "2018-03-27T13:53:10.056Z", "author": 1, "blog_type": 1}}, {"model": "blog.blog", "pk": 33, "fields": {"title": "for 27", "content": "xxxx:27", "created_time": "2018-03-27T13:53:10.059Z", "lst_update_time": "2018-03-27T13:53:10.059Z", "author": 1, "blog_type": 1}}, {"model": "blog.blog", "pk": 34, "fields": {"title": "for 28", "content": "xxxx:28", "created_time": "2018-03-27T13:53:10.063Z", "lst_update_time": "2018-03-30T13:13:27.780Z", "author": 1, "blog_type": 1}}, {"model": "blog.blog", "pk": 35, "fields": {"title": "for 29", "content": "xxxx:29", "created_time": "2018-02-24T13:45:26.493Z", "lst_update_time": "2018-03-27T13:53:10.066Z", "author": 1, "blog_type": 1}}, {"model": "comment.comment", "pk": 6, "fields": {"user": 1, "text": "\u563f\u563f\u563f", "comment_time": "2018-04-05T14:39:00.725Z", "content_type": 7, "object_id": 34}}, {"model": "comment.comment", "pk": 7, "fields": {"user": 1, "text": "\u542c\u5230\u4e86", "comment_time": "2018-04-07T12:32:08.131Z", "content_type": 7, "object_id": 33}}, {"model": "comment.comment", "pk": 8, "fields": {"user": 4, "text": "123", "comment_time": "2018-04-07T14:09:39.557Z", "content_type": 7, "object_id": 6}}, {"model": "comment.comment", "pk": 9, "fields": {"user": 4, "text": "<p><strong>adasd</strong></p>\r\n", "comment_time": "2018-04-07T15:18:27.290Z", "content_type": 7, "object_id": 34}}, {"model": "comment.comment", "pk": 10, "fields": {"user": 4, "text": "", "comment_time": "2018-04-07T15:48:07.355Z", "content_type": 7, "object_id": 34}}, {"model": "comment.comment", "pk": 11, "fields": {"user": 4, "text": "", "comment_time": "2018-04-07T16:06:36.965Z", "content_type": 7, "object_id": 34}}, {"model": "comment.comment", "pk": 12, "fields": {"user": 4, "text": "<p><strong>\u963f\u8428\u5fb7</strong></p>\r\n", "comment_time": "2018-04-07T16:07:30.930Z", "content_type": 7, "object_id": 34}}, {"model": "admin.logentry", "pk": 1, "fields": {"action_time": "2018-03-24T08:11:09.048Z", "user": 1, "content_type": 8, "object_id": "1", "object_repr": "\u968f\u7b14", "action_flag": 1, "change_message": "[{\"added\": {}}]"}}, {"model": "admin.logentry", "pk": 2, "fields": {"action_time": "2018-03-24T08:11:11.222Z", "user": 1, "content_type": 8, "object_id": "1", "object_repr": "\u968f\u7b14", "action_flag": 2, "change_message": "[]"}}, {"model": "admin.logentry", "pk": 3, "fields": {"action_time": "2018-03-24T08:18:30.584Z", "user": 1, "content_type": 7, "object_id": "1", "object_repr": "<Blog:\u563f\u563f>", "action_flag": 1, "change_message": "[{\"added\": {}}]"}}, {"model": "admin.logentry", "pk": 4, "fields": {"action_time": "2018-03-24T12:57:28.765Z", "user": 1, "content_type": 7, "object_id": "2", "object_repr": "<Blog:\u4f60\u731c>", "action_flag": 1, "change_message": "[{\"added\": {}}]"}}, {"model": "admin.logentry", "pk": 5, "fields": {"action_time": "2018-03-24T13:04:45.576Z", "user": 1, "content_type": 7, "object_id": "2", "object_repr": "<Blog:\u4f60\u731c>", "action_flag": 3, "change_message": ""}}, {"model": "admin.logentry", "pk": 6, "fields": {"action_time": "2018-03-24T13:04:45.581Z", "user": 1, "content_type": 7, "object_id": "1", "object_repr": "<Blog:\u563f\u563f>", "action_flag": 3, "change_message": ""}}, {"model": "admin.logentry", "pk": 7, "fields": {"action_time": "2018-03-24T13:06:07.460Z", "user": 1, "content_type": 7, "object_id": "3", "object_repr": "<Blog:123123>", "action_flag": 1, "change_message": "[{\"added\": {}}]"}}, {"model": "admin.logentry", "pk": 8, "fields": {"action_time": "2018-03-24T13:45:22.194Z", "user": 1, "content_type": 8, "object_id": "2", "object_repr": "tornado", "action_flag": 1, "change_message": "[{\"added\": {}}]"}}, {"model": "admin.logentry", "pk": 9, "fields": {"action_time": "2018-03-24T13:45:26.493Z", "user": 1, "content_type": 7, "object_id": "4", "object_repr": "<Blog:\u5965\u672f\u5927\u5e08\u5927\u6240>", "action_flag": 1, "change_message": "[{\"added\": {}}]"}}, {"model": "admin.logentry", "pk": 10, "fields": {"action_time": "2018-03-24T13:45:33.339Z", "user": 1, "content_type": 7, "object_id": "5", "object_repr": "<Blog:\u963f\u65af\u8fbe\u56db\u5927>", "action_flag": 1, "change_message": "[{\"added\": {}}]"}}, {"model": "admin.logentry", "pk": 11, "fields": {"action_time": "2018-04-01T05:52:22.941Z", "user": 1, "content_type": 9, "object_id": "6", "object_repr": "ReadNum object (6)", "action_flag": 1, "change_message": "[{\"added\": {}}]"}}, {"model": "admin.logentry", "pk": 12, "fields": {"action_time": "2018-04-01T05:54:13.298Z", "user": 1, "content_type": 9, "object_id": "7", "object_repr": "ReadNum object (7)", "action_flag": 1, "change_message": "[{\"added\": {}}]"}}, {"model": "admin.logentry", "pk": 13, "fields": {"action_time": "2018-04-01T13:08:55.649Z", "user": 1, "content_type": 10, "object_id": "1", "object_repr": "ReadDetail object (1)", "action_flag": 1, "change_message": "[{\"added\": {}}]"}}]